﻿<parameters>
  <parameter name="IIS Web Application Name" defaultValue="Default Web Site/website_deploy" tags="IisApp">
    <parameterEntry kind="ProviderPath" scope="IisApp" match="^C:\\Users\\Senthil\\AppData\\Local\\Temp\\WebSitePublish\\Cable-1859834506\\obj\\Debug\\Package\\PackageTmp$" />
    <parameterEntry kind="ProviderPath" scope="setAcl" match="^C:\\Users\\Senthil\\AppData\\Local\\Temp\\WebSitePublish\\Cable-1859834506\\obj\\Debug\\Package\\PackageTmp$" />
  </parameter>
  <parameter name="Add write permission to App_Data Folder" description="Add write permission to App_Data folder" defaultValue="{IIS Web Application Name}/App_Data" tags="Hidden">
    <parameterEntry kind="ProviderPath" scope="setAcl" match="^C:\\Users\\Senthil\\AppData\\Local\\Temp\\WebSitePublish\\Cable-1859834506\\obj\\Debug\\Package\\PackageTmp\\App_Data$" />
  </parameter>
  <parameter name="ALMASGUDA-Web.config Connection String" defaultValue="Provider=Microsoft.Jet.OLEDB.4.0;Data Source=C:\inetpub\wwwroot\Cable\App_Data\ALMASGUDASAIRAM9.mdb;Persist Security Info=True;Jet OLEDB:Database Password=lejcscab">
    <parameterEntry kind="XmlFile" scope="C:\\Users\\Senthil\\AppData\\Local\\Temp\\WebSitePublish\\Cable-1859834506\\obj\\Debug\\Package\\PackageTmp\\web\.config$" match="/configuration/connectionStrings/add[@name='ALMASGUDA']/@connectionString" />
    <parameterEntry kind="XmlFile" scope="C:\\Users\\Senthil\\AppData\\Local\\Temp\\WebSitePublish\\Cable-1859834506\\obj\\Debug\\Package\\PackageTmp\\Publish\\web\.config$" match="/configuration/connectionStrings/add[@name='ALMASGUDA']/@connectionString" />
  </parameter>
  <parameter name="DEMO-Web.config Connection String" defaultValue="Provider=Microsoft.Jet.OLEDB.4.0;Data Source=C:\inetpub\wwwroot\Cable\App_Data\DEMO.MDB;Persist Security Info=True;Jet OLEDB:Database Password=lejcscab">
    <parameterEntry kind="XmlFile" scope="C:\\Users\\Senthil\\AppData\\Local\\Temp\\WebSitePublish\\Cable-1859834506\\obj\\Debug\\Package\\PackageTmp\\web\.config$" match="/configuration/connectionStrings/add[@name='DEMO']/@connectionString" />
    <parameterEntry kind="XmlFile" scope="C:\\Users\\Senthil\\AppData\\Local\\Temp\\WebSitePublish\\Cable-1859834506\\obj\\Debug\\Package\\PackageTmp\\Publish\\web\.config$" match="/configuration/connectionStrings/add[@name='DEMO']/@connectionString" />
  </parameter>
  <parameter name="DEMO1-Web.config Connection String" defaultValue="Provider=Microsoft.Jet.OLEDB.4.0;Data Source=C:\inetpub\wwwroot\Cable\App_Data\DEMO1.MDB;Persist Security Info=True;Jet OLEDB:Database Password=lejcscab">
    <parameterEntry kind="XmlFile" scope="C:\\Users\\Senthil\\AppData\\Local\\Temp\\WebSitePublish\\Cable-1859834506\\obj\\Debug\\Package\\PackageTmp\\web\.config$" match="/configuration/connectionStrings/add[@name='DEMO1']/@connectionString" />
    <parameterEntry kind="XmlFile" scope="C:\\Users\\Senthil\\AppData\\Local\\Temp\\WebSitePublish\\Cable-1859834506\\obj\\Debug\\Package\\PackageTmp\\Publish\\web\.config$" match="/configuration/connectionStrings/add[@name='DEMO1']/@connectionString" />
  </parameter>
  <parameter name="DEMO2-Web.config Connection String" defaultValue="Provider=Microsoft.Jet.OLEDB.4.0;Data Source=C:\inetpub\wwwroot\Cable\App_Data\DEMO2.MDB;Persist Security Info=True;Jet OLEDB:Database Password=lejcscab">
    <parameterEntry kind="XmlFile" scope="C:\\Users\\Senthil\\AppData\\Local\\Temp\\WebSitePublish\\Cable-1859834506\\obj\\Debug\\Package\\PackageTmp\\web\.config$" match="/configuration/connectionStrings/add[@name='DEMO2']/@connectionString" />
    <parameterEntry kind="XmlFile" scope="C:\\Users\\Senthil\\AppData\\Local\\Temp\\WebSitePublish\\Cable-1859834506\\obj\\Debug\\Package\\PackageTmp\\Publish\\web\.config$" match="/configuration/connectionStrings/add[@name='DEMO2']/@connectionString" />
  </parameter>
  <parameter name="DEMO3-Web.config Connection String" defaultValue="Provider=Microsoft.Jet.OLEDB.4.0;Data Source=C:\inetpub\wwwroot\Cable\App_Data\DEMO3;Persist Security Info=True;Jet OLEDB:Database Password=lejcscab">
    <parameterEntry kind="XmlFile" scope="C:\\Users\\Senthil\\AppData\\Local\\Temp\\WebSitePublish\\Cable-1859834506\\obj\\Debug\\Package\\PackageTmp\\web\.config$" match="/configuration/connectionStrings/add[@name='DEMO3']/@connectionString" />
    <parameterEntry kind="XmlFile" scope="C:\\Users\\Senthil\\AppData\\Local\\Temp\\WebSitePublish\\Cable-1859834506\\obj\\Debug\\Package\\PackageTmp\\Publish\\web\.config$" match="/configuration/connectionStrings/add[@name='DEMO3']/@connectionString" />
  </parameter>
  <parameter name="DEMO4-Web.config Connection String" defaultValue="Provider=Microsoft.Jet.OLEDB.4.0;Data Source=C:\inetpub\wwwroot\Cable\App_Data\DEMO4;Persist Security Info=True;Jet OLEDB:Database Password=lejcscab">
    <parameterEntry kind="XmlFile" scope="C:\\Users\\Senthil\\AppData\\Local\\Temp\\WebSitePublish\\Cable-1859834506\\obj\\Debug\\Package\\PackageTmp\\web\.config$" match="/configuration/connectionStrings/add[@name='DEMO4']/@connectionString" />
    <parameterEntry kind="XmlFile" scope="C:\\Users\\Senthil\\AppData\\Local\\Temp\\WebSitePublish\\Cable-1859834506\\obj\\Debug\\Package\\PackageTmp\\Publish\\web\.config$" match="/configuration/connectionStrings/add[@name='DEMO4']/@connectionString" />
  </parameter>
  <parameter name="DEMO5-Web.config Connection String" defaultValue="Provider=Microsoft.Jet.OLEDB.4.0;Data Source=C:\inetpub\wwwroot\Cable\App_Data\DEMO5;Persist Security Info=True;Jet OLEDB:Database Password=lejcscab">
    <parameterEntry kind="XmlFile" scope="C:\\Users\\Senthil\\AppData\\Local\\Temp\\WebSitePublish\\Cable-1859834506\\obj\\Debug\\Package\\PackageTmp\\web\.config$" match="/configuration/connectionStrings/add[@name='DEMO5']/@connectionString" />
    <parameterEntry kind="XmlFile" scope="C:\\Users\\Senthil\\AppData\\Local\\Temp\\WebSitePublish\\Cable-1859834506\\obj\\Debug\\Package\\PackageTmp\\Publish\\web\.config$" match="/configuration/connectionStrings/add[@name='DEMO5']/@connectionString" />
  </parameter>
  <parameter name="DEMONB1-Web.config Connection String" defaultValue="Provider=Microsoft.Jet.OLEDB.4.0;Data Source=C:\inetpub\wwwroot\Cable\App_Data\DEMONB1;Persist Security Info=True;Jet OLEDB:Database Password=lejcscab">
    <parameterEntry kind="XmlFile" scope="C:\\Users\\Senthil\\AppData\\Local\\Temp\\WebSitePublish\\Cable-1859834506\\obj\\Debug\\Package\\PackageTmp\\web\.config$" match="/configuration/connectionStrings/add[@name='DEMONB1']/@connectionString" />
    <parameterEntry kind="XmlFile" scope="C:\\Users\\Senthil\\AppData\\Local\\Temp\\WebSitePublish\\Cable-1859834506\\obj\\Debug\\Package\\PackageTmp\\Publish\\web\.config$" match="/configuration/connectionStrings/add[@name='DEMONB1']/@connectionString" />
  </parameter>
  <parameter name="DEMONB2-Web.config Connection String" defaultValue="Provider=Microsoft.Jet.OLEDB.4.0;Data Source=C:\inetpub\wwwroot\Cable\App_Data\DEMONB2.MDB;Persist Security Info=True;Jet OLEDB:Database Password=lejcscab">
    <parameterEntry kind="XmlFile" scope="C:\\Users\\Senthil\\AppData\\Local\\Temp\\WebSitePublish\\Cable-1859834506\\obj\\Debug\\Package\\PackageTmp\\web\.config$" match="/configuration/connectionStrings/add[@name='DEMONB2']/@connectionString" />
    <parameterEntry kind="XmlFile" scope="C:\\Users\\Senthil\\AppData\\Local\\Temp\\WebSitePublish\\Cable-1859834506\\obj\\Debug\\Package\\PackageTmp\\Publish\\web\.config$" match="/configuration/connectionStrings/add[@name='DEMONB2']/@connectionString" />
  </parameter>
  <parameter name="DEMONB3-Web.config Connection String" defaultValue="Provider=Microsoft.Jet.OLEDB.4.0;Data Source=C:\inetpub\wwwroot\Cable\App_Data\DEMONB3.MDB;Persist Security Info=True;Jet OLEDB:Database Password=lejcscab">
    <parameterEntry kind="XmlFile" scope="C:\\Users\\Senthil\\AppData\\Local\\Temp\\WebSitePublish\\Cable-1859834506\\obj\\Debug\\Package\\PackageTmp\\web\.config$" match="/configuration/connectionStrings/add[@name='DEMONB3']/@connectionString" />
    <parameterEntry kind="XmlFile" scope="C:\\Users\\Senthil\\AppData\\Local\\Temp\\WebSitePublish\\Cable-1859834506\\obj\\Debug\\Package\\PackageTmp\\Publish\\web\.config$" match="/configuration/connectionStrings/add[@name='DEMONB3']/@connectionString" />
  </parameter>
  <parameter name="DEMONB4-Web.config Connection String" defaultValue="Provider=Microsoft.Jet.OLEDB.4.0;Data Source=C:\inetpub\wwwroot\Cable\App_Data\DEMONB4.MDB;Persist Security Info=True;Jet OLEDB:Database Password=lejcscab">
    <parameterEntry kind="XmlFile" scope="C:\\Users\\Senthil\\AppData\\Local\\Temp\\WebSitePublish\\Cable-1859834506\\obj\\Debug\\Package\\PackageTmp\\web\.config$" match="/configuration/connectionStrings/add[@name='DEMONB4']/@connectionString" />
    <parameterEntry kind="XmlFile" scope="C:\\Users\\Senthil\\AppData\\Local\\Temp\\WebSitePublish\\Cable-1859834506\\obj\\Debug\\Package\\PackageTmp\\Publish\\web\.config$" match="/configuration/connectionStrings/add[@name='DEMONB4']/@connectionString" />
  </parameter>
  <parameter name="DEMONB5-Web.config Connection String" defaultValue="Provider=Microsoft.Jet.OLEDB.4.0;Data Source=C:\inetpub\wwwroot\Cable\App_Data\DEMONB5.MDB;Persist Security Info=True;Jet OLEDB:Database Password=lejcscab">
    <parameterEntry kind="XmlFile" scope="C:\\Users\\Senthil\\AppData\\Local\\Temp\\WebSitePublish\\Cable-1859834506\\obj\\Debug\\Package\\PackageTmp\\web\.config$" match="/configuration/connectionStrings/add[@name='DEMONB5']/@connectionString" />
    <parameterEntry kind="XmlFile" scope="C:\\Users\\Senthil\\AppData\\Local\\Temp\\WebSitePublish\\Cable-1859834506\\obj\\Debug\\Package\\PackageTmp\\Publish\\web\.config$" match="/configuration/connectionStrings/add[@name='DEMONB5']/@connectionString" />
  </parameter>
  <parameter name="DRDOTOWNSHIP-Web.config Connection String" defaultValue="Provider=Microsoft.Jet.OLEDB.4.0;Data Source=C:\inetpub\wwwroot\Cable\App_Data\DRDOTOWNSHIPSAIRAM2.MDB;Persist Security Info=True;Jet OLEDB:Database Password=lejcscab">
    <parameterEntry kind="XmlFile" scope="C:\\Users\\Senthil\\AppData\\Local\\Temp\\WebSitePublish\\Cable-1859834506\\obj\\Debug\\Package\\PackageTmp\\web\.config$" match="/configuration/connectionStrings/add[@name='DRDOTOWNSHIP']/@connectionString" />
    <parameterEntry kind="XmlFile" scope="C:\\Users\\Senthil\\AppData\\Local\\Temp\\WebSitePublish\\Cable-1859834506\\obj\\Debug\\Package\\PackageTmp\\Publish\\web\.config$" match="/configuration/connectionStrings/add[@name='DRDOTOWNSHIP']/@connectionString" />
  </parameter>
  <parameter name="DSNR-Web.config Connection String" defaultValue="Provider=Microsoft.Jet.OLEDB.4.0;Data Source=C:\inetpub\wwwroot\Cable\App_Data\DSNRSAIRAM1.MDB;Persist Security Info=True;Jet OLEDB:Database Password=lejcscab">
    <parameterEntry kind="XmlFile" scope="C:\\Users\\Senthil\\AppData\\Local\\Temp\\WebSitePublish\\Cable-1859834506\\obj\\Debug\\Package\\PackageTmp\\web\.config$" match="/configuration/connectionStrings/add[@name='DSNR']/@connectionString" />
    <parameterEntry kind="XmlFile" scope="C:\\Users\\Senthil\\AppData\\Local\\Temp\\WebSitePublish\\Cable-1859834506\\obj\\Debug\\Package\\PackageTmp\\Publish\\web\.config$" match="/configuration/connectionStrings/add[@name='DSNR']/@connectionString" />
  </parameter>
  <parameter name="HNAGAR-Web.config Connection String" defaultValue="Provider=Microsoft.Jet.OLEDB.4.0;Data Source=C:\inetpub\wwwroot\Cable\App_Data\HNAGAR.MDB;Persist Security Info=True;Jet OLEDB:Database Password=lejcscab">
    <parameterEntry kind="XmlFile" scope="C:\\Users\\Senthil\\AppData\\Local\\Temp\\WebSitePublish\\Cable-1859834506\\obj\\Debug\\Package\\PackageTmp\\web\.config$" match="/configuration/connectionStrings/add[@name='HNAGAR']/@connectionString" />
    <parameterEntry kind="XmlFile" scope="C:\\Users\\Senthil\\AppData\\Local\\Temp\\WebSitePublish\\Cable-1859834506\\obj\\Debug\\Package\\PackageTmp\\Publish\\web\.config$" match="/configuration/connectionStrings/add[@name='HNAGAR']/@connectionString" />
  </parameter>
  <parameter name="HSPM-Web.config Connection String" defaultValue="Provider=Microsoft.Jet.OLEDB.4.0;Data Source=C:\inetpub\wwwroot\Cable\App_Data\HSPMSAIRAM4.MDB;Persist Security Info=True;Jet OLEDB:Database Password=lejcscab">
    <parameterEntry kind="XmlFile" scope="C:\\Users\\Senthil\\AppData\\Local\\Temp\\WebSitePublish\\Cable-1859834506\\obj\\Debug\\Package\\PackageTmp\\web\.config$" match="/configuration/connectionStrings/add[@name='HSPM']/@connectionString" />
    <parameterEntry kind="XmlFile" scope="C:\\Users\\Senthil\\AppData\\Local\\Temp\\WebSitePublish\\Cable-1859834506\\obj\\Debug\\Package\\PackageTmp\\Publish\\web\.config$" match="/configuration/connectionStrings/add[@name='HSPM']/@connectionString" />
  </parameter>
  <parameter name="KGHAT-Web.config Connection String" defaultValue="Provider=Microsoft.Jet.OLEDB.4.0;Data Source=C:\inetpub\wwwroot\Cable\App_Data\KGHAT.MDB;Persist Security Info=True;Jet OLEDB:Database Password=lejcscab">
    <parameterEntry kind="XmlFile" scope="C:\\Users\\Senthil\\AppData\\Local\\Temp\\WebSitePublish\\Cable-1859834506\\obj\\Debug\\Package\\PackageTmp\\web\.config$" match="/configuration/connectionStrings/add[@name='KGHAT']/@connectionString" />
    <parameterEntry kind="XmlFile" scope="C:\\Users\\Senthil\\AppData\\Local\\Temp\\WebSitePublish\\Cable-1859834506\\obj\\Debug\\Package\\PackageTmp\\Publish\\web\.config$" match="/configuration/connectionStrings/add[@name='KGHAT']/@connectionString" />
  </parameter>
  <parameter name="LENIN-Web.config Connection String" defaultValue="Provider=Microsoft.Jet.OLEDB.4.0;Data Source=C:\inetpub\wwwroot\Cable\App_Data\LENINSAIRAM10.MDB;Persist Security Info=True;Jet OLEDB:Database Password=lejcscab">
    <parameterEntry kind="XmlFile" scope="C:\\Users\\Senthil\\AppData\\Local\\Temp\\WebSitePublish\\Cable-1859834506\\obj\\Debug\\Package\\PackageTmp\\web\.config$" match="/configuration/connectionStrings/add[@name='LENIN']/@connectionString" />
    <parameterEntry kind="XmlFile" scope="C:\\Users\\Senthil\\AppData\\Local\\Temp\\WebSitePublish\\Cable-1859834506\\obj\\Debug\\Package\\PackageTmp\\Publish\\web\.config$" match="/configuration/connectionStrings/add[@name='LENIN']/@connectionString" />
  </parameter>
  <parameter name="MEERPET-Web.config Connection String" defaultValue="Provider=Microsoft.Jet.OLEDB.4.0;Data Source=C:\inetpub\wwwroot\Cable\App_Data\MEERPETSAIRAM6.MDB;Persist Security Info=True;Jet OLEDB:Database Password=lejcscab">
    <parameterEntry kind="XmlFile" scope="C:\\Users\\Senthil\\AppData\\Local\\Temp\\WebSitePublish\\Cable-1859834506\\obj\\Debug\\Package\\PackageTmp\\web\.config$" match="/configuration/connectionStrings/add[@name='MEERPET']/@connectionString" />
    <parameterEntry kind="XmlFile" scope="C:\\Users\\Senthil\\AppData\\Local\\Temp\\WebSitePublish\\Cable-1859834506\\obj\\Debug\\Package\\PackageTmp\\Publish\\web\.config$" match="/configuration/connectionStrings/add[@name='MEERPET']/@connectionString" />
  </parameter>
  <parameter name="NAKERAL-Web.config Connection String" defaultValue="Provider=Microsoft.Jet.OLEDB.4.0;Data Source=C:\inetpub\wwwroot\Cable\App_Data\NAKERALSAIRAM5.MDB;Persist Security Info=True;Jet OLEDB:Database Password=lejcscab">
    <parameterEntry kind="XmlFile" scope="C:\\Users\\Senthil\\AppData\\Local\\Temp\\WebSitePublish\\Cable-1859834506\\obj\\Debug\\Package\\PackageTmp\\web\.config$" match="/configuration/connectionStrings/add[@name='NAKERAL']/@connectionString" />
    <parameterEntry kind="XmlFile" scope="C:\\Users\\Senthil\\AppData\\Local\\Temp\\WebSitePublish\\Cable-1859834506\\obj\\Debug\\Package\\PackageTmp\\Publish\\web\.config$" match="/configuration/connectionStrings/add[@name='NAKERAL']/@connectionString" />
  </parameter>
  <parameter name="NGO-Web.config Connection String" defaultValue="Provider=Microsoft.Jet.OLEDB.4.0;Data Source=C:\inetpub\wwwroot\Cable\App_Data\NGOSAIRAM7.MDB;Persist Security Info=True;Jet OLEDB:Database Password=lejcscab">
    <parameterEntry kind="XmlFile" scope="C:\\Users\\Senthil\\AppData\\Local\\Temp\\WebSitePublish\\Cable-1859834506\\obj\\Debug\\Package\\PackageTmp\\web\.config$" match="/configuration/connectionStrings/add[@name='NGO']/@connectionString" />
    <parameterEntry kind="XmlFile" scope="C:\\Users\\Senthil\\AppData\\Local\\Temp\\WebSitePublish\\Cable-1859834506\\obj\\Debug\\Package\\PackageTmp\\Publish\\web\.config$" match="/configuration/connectionStrings/add[@name='NGO']/@connectionString" />
  </parameter>
  <parameter name="PRAGATHI-Web.config Connection String" defaultValue="Provider=Microsoft.Jet.OLEDB.4.0;Data Source=C:\inetpub\wwwroot\Cable\App_Data\PRAGATHI.mdb;Persist Security Info=True;Jet OLEDB:Database Password=lejcscab">
    <parameterEntry kind="XmlFile" scope="C:\\Users\\Senthil\\AppData\\Local\\Temp\\WebSitePublish\\Cable-1859834506\\obj\\Debug\\Package\\PackageTmp\\web\.config$" match="/configuration/connectionStrings/add[@name='PRAGATHI']/@connectionString" />
  </parameter>
  <parameter name="RKPURAM-Web.config Connection String" defaultValue="Provider=Microsoft.Jet.OLEDB.4.0;Data Source=E:\Cable\App_Data\RKPURAM.MDB;Persist Security Info=True;Jet OLEDB:Database Password=lejcscab">
    <parameterEntry kind="XmlFile" scope="C:\\Users\\Senthil\\AppData\\Local\\Temp\\WebSitePublish\\Cable-1859834506\\obj\\Debug\\Package\\PackageTmp\\web\.config$" match="/configuration/connectionStrings/add[@name='RKPURAM']/@connectionString" />
    <parameterEntry kind="XmlFile" scope="C:\\Users\\Senthil\\AppData\\Local\\Temp\\WebSitePublish\\Cable-1859834506\\obj\\Debug\\Package\\PackageTmp\\Publish\\web\.config$" match="/configuration/connectionStrings/add[@name='RKPURAM']/@connectionString" />
  </parameter>
  <parameter name="SAGAR-Web.config Connection String" defaultValue="Provider=Microsoft.Jet.OLEDB.4.0;Data Source=C:\inetpub\wwwroot\Cable\App_Data\SAGARCOMPLEXSAIRAM8.MDB;Persist Security Info=True;Jet OLEDB:Database Password=lejcscab">
    <parameterEntry kind="XmlFile" scope="C:\\Users\\Senthil\\AppData\\Local\\Temp\\WebSitePublish\\Cable-1859834506\\obj\\Debug\\Package\\PackageTmp\\web\.config$" match="/configuration/connectionStrings/add[@name='SAGAR']/@connectionString" />
    <parameterEntry kind="XmlFile" scope="C:\\Users\\Senthil\\AppData\\Local\\Temp\\WebSitePublish\\Cable-1859834506\\obj\\Debug\\Package\\PackageTmp\\Publish\\web\.config$" match="/configuration/connectionStrings/add[@name='SAGAR']/@connectionString" />
  </parameter>
  <parameter name="SAIDABAD-Web.config Connection String" defaultValue="Provider=Microsoft.Jet.OLEDB.4.0;Data Source=C:\inetpub\wwwroot\Cable\App_Data\NEWDB.MDB;Persist Security Info=True;Jet OLEDB:Database Password=lejcscab">
    <parameterEntry kind="XmlFile" scope="C:\\Users\\Senthil\\AppData\\Local\\Temp\\WebSitePublish\\Cable-1859834506\\obj\\Debug\\Package\\PackageTmp\\web\.config$" match="/configuration/connectionStrings/add[@name='SAIDABAD']/@connectionString" />
    <parameterEntry kind="XmlFile" scope="C:\\Users\\Senthil\\AppData\\Local\\Temp\\WebSitePublish\\Cable-1859834506\\obj\\Debug\\Package\\PackageTmp\\Publish\\web\.config$" match="/configuration/connectionStrings/add[@name='SAIDABAD']/@connectionString" />
  </parameter>
  <parameter name="SRISAI-Web.config Connection String" defaultValue="Provider=Microsoft.Jet.OLEDB.4.0;Data Source=C:\inetpub\wwwroot\Cable\App_Data\SRISAI.mdb;Persist Security Info=True;Jet OLEDB:Database Password=lejcscab">
    <parameterEntry kind="XmlFile" scope="C:\\Users\\Senthil\\AppData\\Local\\Temp\\WebSitePublish\\Cable-1859834506\\obj\\Debug\\Package\\PackageTmp\\web\.config$" match="/configuration/connectionStrings/add[@name='SRISAI']/@connectionString" />
    <parameterEntry kind="XmlFile" scope="C:\\Users\\Senthil\\AppData\\Local\\Temp\\WebSitePublish\\Cable-1859834506\\obj\\Debug\\Package\\PackageTmp\\Publish\\web\.config$" match="/configuration/connectionStrings/add[@name='SRISAI']/@connectionString" />
  </parameter>
  <parameter name="VPURAM-Web.config Connection String" defaultValue="Provider=Microsoft.Jet.OLEDB.4.0;Data Source=C:\inetpub\wwwroot\Cable\App_Data\VPURAMSAIRAM2.MDB;Persist Security Info=True;Jet OLEDB:Database Password=lejcscab">
    <parameterEntry kind="XmlFile" scope="C:\\Users\\Senthil\\AppData\\Local\\Temp\\WebSitePublish\\Cable-1859834506\\obj\\Debug\\Package\\PackageTmp\\web\.config$" match="/configuration/connectionStrings/add[@name='VPURAM']/@connectionString" />
    <parameterEntry kind="XmlFile" scope="C:\\Users\\Senthil\\AppData\\Local\\Temp\\WebSitePublish\\Cable-1859834506\\obj\\Debug\\Package\\PackageTmp\\Publish\\web\.config$" match="/configuration/connectionStrings/add[@name='VPURAM']/@connectionString" />
  </parameter>
</parameters>